"","V1","V2","V3","V4"
"result.1",1,49,3,267
"result.2",2,1,1,1
"result.3",3,506,1,154
"result.4",4,1,1,1
"result.5",5,76,2,270
"result.6",6,506,1,231
"result.7",7,5,2,18
"result.8",8,4,2,103
"result.9",9,1,1,1
"result.10",10,80,1,211
"result.11",11,501,3,224
"result.12",12,505,1,204
"result.13",13,43,2,95
"result.14",14,502,3,170
"result.15",15,507,1,217
"result.16",16,507,4,262
"result.17",17,25,3,270
"result.18",18,2,1,8
"result.19",19,504,1,248
"result.20",20,5,2,217
"result.21",21,511,3,245
"result.22",22,230,2,270
"result.23",23,18,1,77
"result.24",24,1,1,1
"result.25",25,3,1,15
"result.26",26,1,1,1
"result.27",27,17,2,269
"result.28",28,505,3,200
"result.29",29,10,2,140
"result.30",30,1,1,1
"result.31",31,3,1,8
"result.32",32,505,1,167
"result.33",33,3,2,67
"result.34",34,2,1,8
"result.35",35,8,2,152
"result.36",36,58,2,204
"result.37",37,12,2,201
"result.38",38,3,1,21
"result.39",39,506,2,157
"result.40",40,14,2,268
"result.41",41,7,2,223
"result.42",42,1,1,1
"result.43",43,3,2,138
"result.44",44,9,2,267
"result.45",45,509,2,171
"result.46",46,19,2,86
"result.47",47,3,2,77
"result.48",48,39,1,128
"result.49",49,1,1,1
"result.50",50,22,3,116
"result.51",51,1,1,1
"result.52",52,1,1,1
"result.53",53,23,3,261
"result.54",54,202,3,270
"result.55",55,5,3,159
"result.56",56,28,2,254
"result.57",57,505,3,231
"result.58",58,219,2,270
"result.59",59,501,3,155
"result.60",60,1,1,1
"result.61",61,1,1,1
"result.62",62,512,3,228
"result.63",63,502,1,120
"result.64",64,152,3,270
"result.65",65,4,1,22
"result.66",66,505,3,238
"result.67",67,502,1,207
"result.68",68,7,1,27
"result.69",69,503,3,236
"result.70",70,506,1,145
"result.71",71,6,3,266
"result.72",72,1,1,1
"result.73",73,505,1,202
"result.74",74,506,2,211
"result.75",75,2,1,10
"result.76",76,10,3,262
"result.77",77,1,1,1
"result.78",78,503,1,238
"result.79",79,65,4,268
"result.80",80,7,2,167
"result.81",81,515,1,159
"result.82",82,1,1,1
"result.83",83,511,1,188
"result.84",84,102,3,269
"result.85",85,196,2,270
"result.86",86,16,1,71
"result.87",87,4,2,84
"result.88",88,72,1,189
"result.89",89,9,2,206
"result.90",90,2,2,24
"result.91",91,511,3,209
"result.92",92,3,3,149
"result.93",93,501,3,228
"result.94",94,1,1,1
"result.95",95,51,2,153
"result.96",96,2,1,6
"result.97",97,512,2,233
"result.98",98,265,5,270
"result.99",99,5,1,29
"result.100",100,508,1,153
"result.101",101,2,1,5
"result.102",102,162,1,250
"result.103",103,511,2,222
"result.104",104,1,1,1
"result.105",105,506,2,251
"result.106",106,32,1,123
"result.107",107,1,1,1
"result.108",108,506,3,187
"result.109",109,2,1,11
"result.110",110,343,2,270
"result.111",111,503,2,248
"result.112",112,1,1,1
"result.113",113,2,1,5
"result.114",114,46,4,270
"result.115",115,349,1,270
"result.116",116,2,1,8
"result.117",117,3,2,146
"result.118",118,6,2,34
"result.119",119,503,5,259
"result.120",120,2,2,55
"result.121",121,505,2,262
"result.122",122,9,2,145
"result.123",123,1,1,1
"result.124",124,5,3,191
"result.125",125,2,1,16
"result.126",126,1,1,1
"result.127",127,3,2,197
"result.128",128,1,1,1
"result.129",129,77,3,253
"result.130",130,21,3,183
"result.131",131,1,1,1
"result.132",132,30,3,270
"result.133",133,4,2,89
"result.134",134,7,3,189
"result.135",135,10,3,268
"result.136",136,12,2,193
"result.137",137,8,2,95
"result.138",138,505,2,213
"result.139",139,3,2,59
"result.140",140,1,1,1
"result.141",141,3,2,243
"result.142",142,7,1,37
"result.143",143,136,1,270
"result.144",144,4,2,118
"result.145",145,509,1,239
"result.146",146,2,1,8
"result.147",147,72,2,270
"result.148",148,8,2,68
"result.149",149,3,1,15
"result.150",150,10,1,54
"result.151",151,502,3,247
"result.152",152,5,1,20
"result.153",153,1,1,1
"result.154",154,512,3,218
"result.155",155,506,3,213
"result.156",156,1,1,1
"result.157",157,510,2,164
"result.158",158,5,2,124
"result.159",159,506,2,156
"result.160",160,512,1,88
"result.161",161,33,3,270
"result.162",162,512,2,242
"result.163",163,1,1,1
"result.164",164,510,4,258
"result.165",165,2,1,5
"result.166",166,13,3,269
"result.167",167,7,2,265
"result.168",168,237,3,270
"result.169",169,3,2,266
"result.170",170,9,1,43
"result.171",171,8,4,263
"result.172",172,14,2,267
"result.173",173,509,1,231
"result.174",174,514,2,135
"result.175",175,3,2,255
"result.176",176,1,1,1
"result.177",177,1,1,1
"result.178",178,505,2,206
"result.179",179,502,1,160
"result.180",180,2,1,14
"result.181",181,4,1,25
"result.182",182,507,2,137
"result.183",183,4,3,24
"result.184",184,19,1,60
"result.185",185,1,1,1
"result.186",186,516,1,174
"result.187",187,521,1,206
"result.188",188,1,1,1
"result.189",189,504,3,238
"result.190",190,5,3,210
"result.191",191,121,2,270
"result.192",192,2,2,105
"result.193",193,502,2,232
"result.194",194,1,1,1
"result.195",195,507,2,202
"result.196",196,16,1,40
"result.197",197,503,2,265
"result.198",198,4,2,241
"result.199",199,503,1,149
"result.200",200,511,2,201
"result.201",201,1,1,1
"result.202",202,1,1,1
"result.203",203,121,3,270
"result.204",204,1,1,1
"result.205",205,472,2,270
"result.206",206,505,1,144
"result.207",207,508,1,168
"result.208",208,1,1,1
"result.209",209,21,2,93
"result.210",210,506,2,233
"result.211",211,1,1,1
"result.212",212,1,1,1
"result.213",213,47,3,270
"result.214",214,4,1,22
"result.215",215,2,2,142
"result.216",216,55,2,98
"result.217",217,7,2,269
"result.218",218,501,2,219
"result.219",219,25,4,255
"result.220",220,4,2,255
"result.221",221,3,2,10
"result.222",222,2,1,7
"result.223",223,8,3,232
"result.224",224,503,1,188
"result.225",225,4,2,117
"result.226",226,508,2,249
"result.227",227,513,2,206
"result.228",228,26,2,269
"result.229",229,3,1,25
"result.230",230,506,2,254
"result.231",231,8,2,57
"result.232",232,1,1,1
"result.233",233,507,2,227
"result.234",234,223,1,270
"result.235",235,11,2,233
"result.236",236,501,3,187
"result.237",237,503,1,215
"result.238",238,151,1,270
"result.239",239,24,1,61
"result.240",240,1,1,1
"result.241",241,8,2,99
"result.242",242,506,2,228
"result.243",243,504,1,196
"result.244",244,32,2,176
"result.245",245,279,1,270
"result.246",246,1,1,1
"result.247",247,1,1,1
"result.248",248,2,1,10
"result.249",249,18,2,138
"result.250",250,249,3,270
"result.251",251,5,2,212
"result.252",252,3,2,259
"result.253",253,1,1,1
"result.254",254,513,1,233
"result.255",255,504,1,164
"result.256",256,7,2,230
"result.257",257,504,2,183
"result.258",258,4,2,219
"result.259",259,1,1,1
"result.260",260,11,1,56
"result.261",261,503,4,180
"result.262",262,508,3,258
"result.263",263,505,2,263
"result.264",264,2,1,7
"result.265",265,510,1,199
"result.266",266,516,2,119
"result.267",267,508,1,224
"result.268",268,477,2,270
"result.269",269,184,3,270
"result.270",270,511,1,264
"result.271",271,508,1,143
"result.272",272,506,2,154
"result.273",273,5,1,26
"result.274",274,507,1,193
"result.275",275,1,1,1
"result.276",276,505,2,265
"result.277",277,507,2,176
"result.278",278,409,3,270
"result.279",279,503,3,218
"result.280",280,9,2,146
"result.281",281,510,2,225
"result.282",282,505,2,242
"result.283",283,509,1,237
"result.284",284,14,2,270
"result.285",285,510,3,251
"result.286",286,2,1,12
"result.287",287,6,2,232
"result.288",288,502,2,199
"result.289",289,17,2,244
"result.290",290,6,2,237
"result.291",291,5,3,37
"result.292",292,507,3,212
"result.293",293,2,2,50
"result.294",294,509,2,223
"result.295",295,501,2,211
"result.296",296,1,1,1
"result.297",297,508,2,250
"result.298",298,496,3,270
"result.299",299,507,2,238
"result.300",300,505,4,204
"result.301",301,514,4,200
"result.302",302,3,1,20
"result.303",303,509,3,135
"result.304",304,401,5,270
"result.305",305,41,2,238
"result.306",306,516,2,270
"result.307",307,510,2,148
"result.308",308,508,1,234
"result.309",309,2,1,8
"result.310",310,4,3,74
"result.311",311,8,2,263
"result.312",312,63,1,141
"result.313",313,512,2,230
"result.314",314,336,3,270
"result.315",315,1,1,1
"result.316",316,503,1,228
"result.317",317,2,2,43
"result.318",318,1,1,1
"result.319",319,30,4,219
"result.320",320,10,1,54
"result.321",321,2,2,267
"result.322",322,3,1,20
"result.323",323,10,2,231
"result.324",324,424,1,270
"result.325",325,11,3,85
"result.326",326,4,1,15
"result.327",327,11,1,49
"result.328",328,1,1,1
"result.329",329,505,3,185
"result.330",330,42,2,267
"result.331",331,8,2,267
"result.332",332,4,1,28
"result.333",333,3,1,15
"result.334",334,66,2,269
"result.335",335,1,1,1
"result.336",336,1,1,1
"result.337",337,1,1,1
"result.338",338,5,3,255
"result.339",339,505,1,268
"result.340",340,501,2,268
"result.341",341,1,1,1
"result.342",342,23,3,270
"result.343",343,3,1,9
"result.344",344,108,2,270
"result.345",345,505,1,141
"result.346",346,1,1,1
"result.347",347,501,2,268
"result.348",348,507,2,195
"result.349",349,509,2,183
"result.350",350,22,2,263
"result.351",351,2,1,6
"result.352",352,515,2,167
"result.353",353,503,3,153
"result.354",354,421,4,270
"result.355",355,6,2,269
"result.356",356,503,3,192
"result.357",357,9,3,270
"result.358",358,8,2,268
"result.359",359,110,4,270
"result.360",360,503,1,169
"result.361",361,1,1,1
"result.362",362,2,2,166
"result.363",363,481,2,270
"result.364",364,8,1,58
"result.365",365,505,2,215
"result.366",366,509,1,165
"result.367",367,32,4,270
"result.368",368,503,2,173
"result.369",369,14,1,92
"result.370",370,3,2,219
"result.371",371,3,1,36
"result.372",372,1,1,1
"result.373",373,16,3,130
"result.374",374,506,4,142
"result.375",375,5,1,24
"result.376",376,12,2,206
"result.377",377,507,3,184
"result.378",378,124,3,270
"result.379",379,62,2,270
"result.380",380,508,3,245
"result.381",381,8,1,42
"result.382",382,1,1,1
"result.383",383,26,2,239
"result.384",384,188,2,270
"result.385",385,1,1,1
"result.386",386,505,3,256
"result.387",387,13,1,60
"result.388",388,278,2,270
"result.389",389,13,2,99
"result.390",390,3,2,92
"result.391",391,1,1,1
"result.392",392,503,2,250
"result.393",393,1,1,1
"result.394",394,17,3,269
"result.395",395,30,3,252
"result.396",396,17,1,46
"result.397",397,440,1,270
"result.398",398,1,1,1
"result.399",399,103,6,236
"result.400",400,1,1,1
"result.401",401,3,1,20
"result.402",402,2,2,269
"result.403",403,3,1,16
"result.404",404,502,3,203
"result.405",405,1,1,1
"result.406",406,505,2,262
"result.407",407,502,1,195
"result.408",408,1,1,1
"result.409",409,5,1,22
"result.410",410,57,2,270
"result.411",411,41,3,267
"result.412",412,4,3,265
"result.413",413,3,1,22
"result.414",414,3,2,268
"result.415",415,505,2,174
"result.416",416,79,4,260
"result.417",417,3,1,16
"result.418",418,7,2,263
"result.419",419,23,1,62
"result.420",420,2,2,104
"result.421",421,504,3,237
"result.422",422,42,2,120
"result.423",423,18,2,269
"result.424",424,5,1,27
"result.425",425,13,2,97
"result.426",426,15,2,69
"result.427",427,1,1,1
"result.428",428,507,1,149
"result.429",429,7,4,175
"result.430",430,2,2,24
"result.431",431,13,2,192
"result.432",432,36,2,270
"result.433",433,2,2,115
"result.434",434,15,1,60
"result.435",435,6,1,17
"result.436",436,510,2,253
"result.437",437,504,4,251
"result.438",438,502,1,199
"result.439",439,75,2,269
"result.440",440,515,1,201
"result.441",441,6,3,187
"result.442",442,501,2,181
"result.443",443,508,2,125
"result.444",444,1,1,1
"result.445",445,506,1,146
"result.446",446,508,2,209
"result.447",447,279,4,270
"result.448",448,502,4,256
"result.449",449,18,2,269
"result.450",450,10,3,270
"result.451",451,3,2,115
"result.452",452,505,1,215
"result.453",453,505,2,263
"result.454",454,69,4,261
"result.455",455,17,2,270
"result.456",456,2,1,7
"result.457",457,508,3,185
"result.458",458,502,2,114
"result.459",459,1,1,1
"result.460",460,510,3,270
"result.461",461,1,1,1
"result.462",462,1,1,1
"result.463",463,501,2,122
"result.464",464,501,2,211
"result.465",465,502,3,207
"result.466",466,16,2,269
"result.467",467,41,2,270
"result.468",468,43,2,164
"result.469",469,509,2,270
"result.470",470,10,1,80
"result.471",471,10,1,56
"result.472",472,2,1,17
"result.473",473,17,1,79
"result.474",474,2,1,13
"result.475",475,1,1,1
"result.476",476,190,2,270
"result.477",477,512,4,241
"result.478",478,1,1,1
"result.479",479,509,1,201
"result.480",480,42,2,270
"result.481",481,1,1,1
"result.482",482,501,2,156
"result.483",483,3,2,150
"result.484",484,503,2,219
"result.485",485,2,2,144
"result.486",486,502,1,138
"result.487",487,393,3,270
"result.488",488,50,1,128
"result.489",489,510,1,172
"result.490",490,10,3,222
"result.491",491,4,2,236
"result.492",492,12,3,265
"result.493",493,10,1,23
"result.494",494,9,2,38
"result.495",495,501,1,143
"result.496",496,510,1,167
"result.497",497,71,4,270
"result.498",498,5,2,270
"result.499",499,1,1,1
"result.500",500,14,2,270
